{"cameraMode":{"drawMode":0,"name":"Shaded","section":"Shading Mode"},"sceneLighting":true,"audioPlay":false,"sceneViewState":{"showFog":true,"showMaterialUpdate":false,"showSkybox":true,"showFlares":true,"showImageEffects":true,"showParticleSystems":true},"in2DMode":false,"pivot":{"x":978.3458251953125,"y":2.9512596130371095,"z":18.773731231689454},"rotation":{"x":0.05079814791679382,"y":0.9366825819015503,"z":-0.1530841737985611,"w":0.310820996761322},"size":13.568671226501465,"orthographic":false}